t_s,position_m,velocity_mps,acceleration_mps2,jerk_mps3,ratio_percent
0,0,0,0.16,0,0
0.02,3.2e-05,0.0032,0.16,0,0.114285714286
0.04,0.000128,0.0064,0.16,0,0.228571428571
0.06,0.000288,0.0096,0.16,0,0.342857142857
0.08,0.000512,0.0128,0.16,0,0.457142857143
0.1,0.0008,0.016,0.16,0,0.571428571429
0.12,0.001152,0.0192,0.16,0,0.685714285714
0.14,0.001568,0.0224,0.16,0,0.8
0.16,0.002048,0.0256,0.16,0,0.914285714286
0.18,0.002592,0.0288,0.16,0,1.02857142857
0.2,0.0032,0.032,0.16,0,1.14285714286
0.22,0.003872,0.0352,0.16,0,1.25714285714
0.24,0.004608,0.0384,0.16,0,1.37142857143
0.26,0.005408,0.0416,0.16,0,1.48571428571
0.28,0.006272,0.0448,0.16,0,1.6
0.3,0.0072,0.048,0.16,0,1.71428571429
0.32,0.008192,0.0512,0.16,0,1.82857142857
0.34,0.009248,0.0544,0.16,0,1.94285714286
0.36,0.010368,0.0576,0.16,0,2.05714285714
0.38,0.011552,0.0608,0.16,0,2.17142857143
0.4,0.0128,0.064,0.16,0,2.28571428571
0.42,0.014112,0.0672,0.16,0,2.4
0.44,0.015488,0.0704,0.16,0,2.51428571429
0.46,0.016928,0.0736,0.16,0,2.62857142857
0.48,0.018432,0.0768,0.16,0,2.74285714286
0.5,0.02,0.08,0.16,0,2.85714285714
0.52,0.021632,0.0832,0.16,0,2.97142857143
0.54,0.023328,0.0864,0.16,0,3.08571428571
0.56,0.025088,0.0896,0.16,0,3.2
0.58,0.026912,0.0928,0.16,0,3.31428571429
0.6,0.0288,0.096,0.16,0,3.42857142857
0.62,0.030752,0.0992,0.16,0,3.54285714286
0.64,0.032768,0.1024,0.16,0,3.65714285714
0.66,0.034848,0.1056,0.16,0,3.77142857143
0.68,0.036992,0.1088,0.16,0,3.88571428571
0.7,0.0392,0.112,0.16,0,4
0.72,0.041472,0.1152,0.16,0,4.11428571429
0.74,0.043808,0.1184,0.16,0,4.22857142857
0.76,0.046208,0.1216,0.16,0,4.34285714286
0.78,0.048672,0.1248,0.16,0,4.45714285714
0.8,0.0512,0.128,0.16,0,4.57142857143
0.82,0.053792,0.1312,0.16,0,4.68571428571
0.84,0.056448,0.1344,0.16,0,4.8
0.86,0.059168,0.1376,0.16,0,4.91428571429
0.88,0.061952,0.1408,0.16,0,5.02857142857
0.9,0.0648,0.144,0.16,0,5.14285714286
0.92,0.067712,0.1472,0.16,0,5.25714285714
0.94,0.070688,0.1504,0.16,0,5.37142857143
0.96,0.073728,0.1536,0.16,0,5.48571428571
0.98,0.076832,0.1568,0.16,0,5.6
1,0.08,0.16,0.16,0,5.71428571429
1.02,0.083232,0.1632,0.16,0,5.82857142857
1.04,0.086528,0.1664,0.16,0,5.94285714286
1.06,0.089888,0.1696,0.16,0,6.05714285714
1.08,0.093312,0.1728,0.16,0,6.17142857143
1.1,0.0968,0.176,0.16,0,6.28571428571
1.12,0.100352,0.1792,0.16,0,6.4
1.14,0.103968,0.1824,0.16,0,6.51428571429
1.16,0.107648,0.1856,0.16,0,6.62857142857
1.18,0.111392,0.1888,0.16,0,6.74285714286
1.2,0.1152,0.192,0.16,0,6.85714285714
1.22,0.119072,0.1952,0.16,0,6.97142857143
1.24,0.123008,0.1984,0.16,0,7.08571428571
1.26,0.127008,0.2016,0.16,0,7.2
1.28,0.131072,0.2048,0.16,0,7.31428571429
1.3,0.1352,0.208,0.16,0,7.42857142857
1.32,0.139392,0.2112,0.16,0,7.54285714286
1.34,0.143648,0.2144,0.16,0,7.65714285714
1.36,0.147968,0.2176,0.16,0,7.77142857143
1.38,0.152352,0.2208,0.16,0,7.88571428571
1.4,0.1568,0.224,0.16,0,8
1.42,0.161312,0.2272,0.16,0,8.11428571429
1.44,0.165888,0.2304,0.16,0,8.22857142857
1.46,0.170528,0.2336,0.16,0,8.34285714286
1.48,0.175232,0.2368,0.16,0,8.45714285714
1.5,0.18,0.24,0.16,0,8.57142857143
1.52,0.184832,0.2432,0.16,0,8.68571428571
1.54,0.189728,0.2464,0.16,0,8.8
1.56,0.194688,0.2496,0.16,0,8.91428571429
1.58,0.199712,0.2528,0.16,0,9.02857142857
1.6,0.2048,0.256,0.16,0,9.14285714286
1.62,0.209952,0.2592,0.16,0,9.25714285714
1.64,0.215168,0.2624,0.16,0,9.37142857143
1.66,0.220448,0.2656,0.16,0,9.48571428571
1.68,0.225792,0.2688,0.16,0,9.6
1.7,0.2312,0.272,0.16,0,9.71428571429
1.72,0.236672,0.2752,0.16,0,9.82857142857
1.74,0.242208,0.2784,0.16,0,9.94285714286
1.76,0.247808,0.2816,0.16,0,10.0571428571
1.78,0.253472,0.2848,0.16,0,10.1714285714
1.8,0.2592,0.288,0.16,0,10.2857142857
1.82,0.264992,0.2912,0.16,0,10.4
1.84,0.270848,0.2944,0.16,0,10.5142857143
1.86,0.276768,0.2976,0.16,0,10.6285714286
1.88,0.282752,0.3008,0.16,0,10.7428571429
1.9,0.2888,0.304,0.16,0,10.8571428571
1.92,0.294912,0.3072,0.16,0,10.9714285714
1.94,0.301088,0.3104,0.16,0,11.0857142857
1.96,0.307328,0.3136,0.16,0,11.2
1.98,0.313632,0.3168,0.16,0,11.3142857143
2,0.32,0.32,0.16,0,11.4285714286
2.02,0.326432,0.3232,0.16,0,11.5428571429
2.04,0.332928,0.3264,0.16,0,11.6571428571
2.06,0.339488,0.3296,0.16,0,11.7714285714
2.08,0.346112,0.3328,0.16,0,11.8857142857
2.1,0.3528,0.336,0.16,0,12
2.12,0.359552,0.3392,0.16,0,12.1142857143
2.14,0.366368,0.3424,0.16,0,12.2285714286
2.16,0.373248,0.3456,0.16,0,12.3428571429
2.18,0.380192,0.3488,0.16,0,12.4571428571
2.2,0.3872,0.352,0.16,0,12.5714285714
2.22,0.394272,0.3552,0.16,0,12.6857142857
2.24,0.401408,0.3584,0.16,0,12.8
2.26,0.408608,0.3616,0.16,0,12.9142857143
2.28,0.415872,0.3648,0.16,0,13.0285714286
2.3,0.4232,0.368,0.16,0,13.1428571429
2.32,0.430592,0.3712,0.16,0,13.2571428571
2.34,0.438048,0.3744,0.16,0,13.3714285714
2.36,0.445568,0.3776,0.16,0,13.4857142857
2.38,0.453152,0.3808,0.16,0,13.6
2.4,0.4608,0.384,0.16,0,13.7142857143
2.42,0.468512,0.3872,0.16,0,13.8285714286
2.44,0.476288,0.3904,0.16,0,13.9428571429
2.46,0.484128,0.3936,0.16,0,14.0571428571
2.48,0.492032,0.3968,0.16,0,14.1714285714
2.5,0.5,0.4,0.16,0,14.2857142857
2.52,0.508032,0.4032,0.16,0,14.4
2.54,0.516128,0.4064,0.16,0,14.5142857143
2.56,0.524288,0.4096,0.16,0,14.6285714286
2.58,0.532512,0.4128,0.16,0,14.7428571429
2.6,0.5408,0.416,0.16,0,14.8571428571
2.62,0.549152,0.4192,0.16,0,14.9714285714
2.64,0.557568,0.4224,0.16,0,15.0857142857
2.66,0.566048,0.4256,0.16,0,15.2
2.68,0.574592,0.4288,0.16,0,15.3142857143
2.7,0.5832,0.432,0.16,0,15.4285714286
2.72,0.591872,0.4352,0.16,0,15.5428571429
2.74,0.600608,0.4384,0.16,0,15.6571428571
2.76,0.609408,0.4416,0.16,0,15.7714285714
2.78,0.618272,0.4448,0.16,0,15.8857142857
2.8,0.6272,0.448,0.16,0,16
2.82,0.636192,0.4512,0.16,0,16.1142857143
2.84,0.645248,0.4544,0.16,0,16.2285714286
2.86,0.654368,0.4576,0.16,0,16.3428571429
2.88,0.663552,0.4608,0.16,0,16.4571428571
2.9,0.6728,0.464,0.16,0,16.5714285714
2.92,0.682112,0.4672,0.16,0,16.6857142857
2.94,0.691488,0.4704,0.16,0,16.8
2.96,0.700928,0.4736,0.16,0,16.9142857143
2.98,0.710432,0.4768,0.16,0,17.0285714286
3,0.72,0.48,0.16,0,17.1428571429
3.02,0.729632,0.4832,0.16,0,17.2571428571
3.04,0.739328,0.4864,0.16,0,17.3714285714
3.06,0.749088,0.4896,0.16,0,17.4857142857
3.08,0.758912,0.4928,0.16,0,17.6
3.1,0.7688,0.496,0.16,0,17.7142857143
3.12,0.778752,0.4992,0.16,0,17.8285714286
3.14,0.788768,0.5024,0.16,0,17.9428571429
3.16,0.798848,0.5056,0.16,0,18.0571428571
3.18,0.808992,0.5088,0.16,0,18.1714285714
3.2,0.8192,0.512,0.16,0,18.2857142857
3.22,0.829472,0.5152,0.16,0,18.4
3.24,0.839808,0.5184,0.16,0,18.5142857143
3.26,0.850208,0.5216,0.16,0,18.6285714286
3.28,0.860672,0.5248,0.16,0,18.7428571429
3.3,0.8712,0.528,0.16,0,18.8571428571
3.32,0.881792,0.5312,0.16,0,18.9714285714
3.34,0.892448,0.5344,0.16,0,19.0857142857
3.36,0.903168,0.5376,0.16,0,19.2
3.38,0.913952,0.5408,0.16,0,19.3142857143
3.4,0.9248,0.544,0.16,0,19.4285714286
3.42,0.935712,0.5472,0.16,0,19.5428571429
3.44,0.946688,0.5504,0.16,0,19.6571428571
3.46,0.957728,0.5536,0.16,0,19.7714285714
3.48,0.968832,0.5568,0.16,0,19.8857142857
3.5,0.98,0.56,0.16,0,20
3.52,0.991232,0.5632,0.16,0,20.1142857143
3.54,1.002528,0.5664,0.16,0,20.2285714286
3.56,1.013888,0.5696,0.16,0,20.3428571429
3.58,1.025312,0.5728,0.16,0,20.4571428571
3.6,1.0368,0.576,0.16,0,20.5714285714
3.62,1.048352,0.5792,0.16,0,20.6857142857
3.64,1.059968,0.5824,0.16,0,20.8
3.66,1.071648,0.5856,0.16,0,20.9142857143
3.68,1.083392,0.5888,0.16,0,21.0285714286
3.7,1.0952,0.592,0.16,0,21.1428571429
3.72,1.107072,0.5952,0.16,0,21.2571428571
3.74,1.119008,0.5984,0.16,0,21.3714285714
3.76,1.131008,0.6016,0.16,0,21.4857142857
3.78,1.143072,0.6048,0.16,0,21.6
3.8,1.1552,0.608,0.16,0,21.7142857143
3.82,1.167392,0.6112,0.16,0,21.8285714286
3.84,1.179648,0.6144,0.16,0,21.9428571429
3.86,1.191968,0.6176,0.16,0,22.0571428571
3.88,1.204352,0.6208,0.16,0,22.1714285714
3.9,1.2168,0.624,0.16,0,22.2857142857
3.92,1.229312,0.6272,0.16,0,22.4
3.94,1.241888,0.6304,0.16,0,22.5142857143
3.96,1.254528,0.6336,0.16,0,22.6285714286
3.98,1.267232,0.6368,0.16,0,22.7428571429
4,1.28,0.64,0.16,0,22.8571428571
4.02,1.292832,0.6432,0.16,0,22.9714285714
4.04,1.305728,0.6464,0.16,0,23.0857142857
4.06,1.318688,0.6496,0.16,0,23.2
4.08,1.331712,0.6528,0.16,0,23.3142857143
4.1,1.3448,0.656,0.16,0,23.4285714286
4.12,1.357952,0.6592,0.16,0,23.5428571429
4.14,1.371168,0.6624,0.16,0,23.6571428571
4.16,1.384448,0.6656,0.16,0,23.7714285714
4.18,1.397792,0.6688,0.16,0,23.8857142857
4.2,1.4112,0.672,0.16,0,24
4.22,1.424672,0.6752,0.16,0,24.1142857143
4.24,1.438208,0.6784,0.16,0,24.2285714286
4.26,1.451808,0.6816,0.16,0,24.3428571429
4.28,1.465472,0.6848,0.16,0,24.4571428571
4.3,1.4792,0.688,0.16,0,24.5714285714
4.32,1.492992,0.6912,0.16,0,24.6857142857
4.34,1.506848,0.6944,0.16,0,24.8
4.36,1.520768,0.6976,0.16,0,24.9142857143
4.38,1.534752,0.7008,0.16,0,25.0285714286
4.4,1.5488,0.704,0.16,0,25.1428571429
4.42,1.562912,0.7072,0.16,0,25.2571428571
4.44,1.577088,0.7104,0.16,0,25.3714285714
4.46,1.591328,0.7136,0.16,0,25.4857142857
4.48,1.605632,0.7168,0.16,0,25.6
4.5,1.62,0.72,0.16,0,25.7142857143
4.52,1.634432,0.7232,0.16,0,25.8285714286
4.54,1.648928,0.7264,0.16,0,25.9428571429
4.56,1.663488,0.7296,0.16,0,26.0571428571
4.58,1.678112,0.7328,0.16,0,26.1714285714
4.6,1.6928,0.736,0.16,0,26.2857142857
4.62,1.707552,0.7392,0.16,0,26.4
4.64,1.722368,0.7424,0.16,0,26.5142857143
4.66,1.737248,0.7456,0.16,0,26.6285714286
4.68,1.752192,0.7488,0.16,0,26.7428571429
4.7,1.7672,0.752,0.16,0,26.8571428571
4.72,1.782272,0.7552,0.16,0,26.9714285714
4.74,1.797408,0.7584,0.16,0,27.0857142857
4.76,1.812608,0.7616,0.16,0,27.2
4.78,1.827872,0.7648,0.16,0,27.3142857143
4.8,1.8432,0.768,0.16,0,27.4285714286
4.82,1.858592,0.7712,0.16,0,27.5428571429
4.84,1.874048,0.7744,0.16,0,27.6571428571
4.86,1.889568,0.7776,0.16,0,27.7714285714
4.88,1.905152,0.7808,0.16,0,27.8857142857
4.9,1.9208,0.784,0.16,0,28
4.92,1.936512,0.7872,0.16,0,28.1142857143
4.94,1.952288,0.7904,0.16,0,28.2285714286
4.96,1.968128,0.7936,0.16,0,28.3428571429
4.98,1.984032,0.7968,0.16,0,28.4571428571
5,2,0.8,0.16,0,28.5714285714
5.02,2.016,0.8,0,0,28.6857142857
5.04,2.032,0.8,0,0,28.8
5.06,2.048,0.8,0,0,28.9142857143
5.08,2.064,0.8,0,0,29.0285714286
5.1,2.08,0.8,0,0,29.1428571429
5.12,2.096,0.8,0,0,29.2571428571
5.14,2.112,0.8,0,0,29.3714285714
5.16,2.128,0.8,0,0,29.4857142857
5.18,2.144,0.8,0,0,29.6
5.2,2.16,0.8,0,0,29.7142857143
5.22,2.176,0.8,0,0,29.8285714286
5.24,2.192,0.8,0,0,29.9428571429
5.26,2.208,0.8,0,0,30.0571428571
5.28,2.224,0.8,0,0,30.1714285714
5.3,2.24,0.8,0,0,30.2857142857
5.32,2.256,0.8,0,0,30.4
5.34,2.272,0.8,0,0,30.5142857143
5.36,2.288,0.8,0,0,30.6285714286
5.38,2.304,0.8,0,0,30.7428571429
5.4,2.32,0.8,0,0,30.8571428571
5.42,2.336,0.8,0,0,30.9714285714
5.44,2.352,0.8,0,0,31.0857142857
5.46,2.368,0.8,0,0,31.2
5.48,2.384,0.8,0,0,31.3142857143
5.5,2.4,0.8,0,0,31.4285714286
5.52,2.416,0.8,0,0,31.5428571429
5.54,2.432,0.8,0,0,31.6571428571
5.56,2.448,0.8,0,0,31.7714285714
5.58,2.464,0.8,0,0,31.8857142857
5.6,2.48,0.8,0,0,32
5.62,2.496,0.8,0,0,32.1142857143
5.64,2.512,0.8,0,0,32.2285714286
5.66,2.528,0.8,0,0,32.3428571429
5.68,2.544,0.8,0,0,32.4571428571
5.7,2.56,0.8,0,0,32.5714285714
5.72,2.576,0.8,0,0,32.6857142857
5.74,2.592,0.8,0,0,32.8
5.76,2.608,0.8,0,0,32.9142857143
5.78,2.624,0.8,0,0,33.0285714286
5.8,2.64,0.8,0,0,33.1428571429
5.82,2.656,0.8,0,0,33.2571428571
5.84,2.672,0.8,0,0,33.3714285714
5.86,2.688,0.8,0,0,33.4857142857
5.88,2.704,0.8,0,0,33.6
5.9,2.72,0.8,0,0,33.7142857143
5.92,2.736,0.8,0,0,33.8285714286
5.94,2.752,0.8,0,0,33.9428571429
5.96,2.768,0.8,0,0,34.0571428571
5.98,2.784,0.8,0,0,34.1714285714
6,2.8,0.8,0,0,34.2857142857
6.02,2.816,0.8,0,0,34.4
6.04,2.832,0.8,0,0,34.5142857143
6.06,2.848,0.8,0,0,34.6285714286
6.08,2.864,0.8,0,0,34.7428571429
6.1,2.88,0.8,0,0,34.8571428571
6.12,2.896,0.8,0,0,34.9714285714
6.14,2.912,0.8,0,0,35.0857142857
6.16,2.928,0.8,0,0,35.2
6.18,2.944,0.8,0,0,35.3142857143
6.2,2.96,0.8,0,0,35.4285714286
6.22,2.976,0.8,0,0,35.5428571429
6.24,2.992,0.8,0,0,35.6571428571
6.26,3.008,0.8,0,0,35.7714285714
6.28,3.024,0.8,0,0,35.8857142857
6.3,3.04,0.8,0,0,36
6.32,3.056,0.8,0,0,36.1142857143
6.34,3.072,0.8,0,0,36.2285714286
6.36,3.088,0.8,0,0,36.3428571429
6.38,3.104,0.8,0,0,36.4571428571
6.4,3.12,0.8,0,0,36.5714285714
6.42,3.136,0.8,0,0,36.6857142857
6.44,3.152,0.8,0,0,36.8
6.46,3.168,0.8,0,0,36.9142857143
6.48,3.184,0.8,0,0,37.0285714286
6.5,3.2,0.8,0,0,37.1428571429
6.52,3.216,0.8,0,0,37.2571428571
6.54,3.232,0.8,0,0,37.3714285714
6.56,3.248,0.8,0,0,37.4857142857
6.58,3.264,0.8,0,0,37.6
6.6,3.28,0.8,0,0,37.7142857143
6.62,3.296,0.8,0,0,37.8285714286
6.64,3.312,0.8,0,0,37.9428571429
6.66,3.328,0.8,0,0,38.0571428571
6.68,3.344,0.8,0,0,38.1714285714
6.7,3.36,0.8,0,0,38.2857142857
6.72,3.376,0.8,0,0,38.4
6.74,3.392,0.8,0,0,38.5142857143
6.76,3.408,0.8,0,0,38.6285714286
6.78,3.424,0.8,0,0,38.7428571429
6.8,3.44,0.8,0,0,38.8571428571
6.82,3.456,0.8,0,0,38.9714285714
6.84,3.472,0.8,0,0,39.0857142857
6.86,3.488,0.8,0,0,39.2
6.88,3.504,0.8,0,0,39.3142857143
6.9,3.52,0.8,0,0,39.4285714286
6.92,3.536,0.8,0,0,39.5428571429
6.94,3.552,0.8,0,0,39.6571428571
6.96,3.568,0.8,0,0,39.7714285714
6.98,3.584,0.8,0,0,39.8857142857
7,3.6,0.8,0,0,40
7.02,3.616,0.8,0,0,40.1142857143
7.04,3.632,0.8,0,0,40.2285714286
7.06,3.648,0.8,0,0,40.3428571429
7.08,3.664,0.8,0,0,40.4571428571
7.1,3.68,0.8,0,0,40.5714285714
7.12,3.696,0.8,0,0,40.6857142857
7.14,3.712,0.8,0,0,40.8
7.16,3.728,0.8,0,0,40.9142857143
7.18,3.744,0.8,0,0,41.0285714286
7.2,3.76,0.8,0,0,41.1428571429
7.22,3.776,0.8,0,0,41.2571428571
7.24,3.792,0.8,0,0,41.3714285714
7.26,3.808,0.8,0,0,41.4857142857
7.28,3.824,0.8,0,0,41.6
7.3,3.84,0.8,0,0,41.7142857143
7.32,3.856,0.8,0,0,41.8285714286
7.34,3.872,0.8,0,0,41.9428571429
7.36,3.888,0.8,0,0,42.0571428571
7.38,3.904,0.8,0,0,42.1714285714
7.4,3.92,0.8,0,0,42.2857142857
7.42,3.936,0.8,0,0,42.4
7.44,3.952,0.8,0,0,42.5142857143
7.46,3.968,0.8,0,0,42.6285714286
7.48,3.984,0.8,0,0,42.7428571429
7.5,4,0.8,0,0,42.8571428571
7.52,4.016,0.8,0,0,42.9714285714
7.54,4.032,0.8,0,0,43.0857142857
7.56,4.048,0.8,0,0,43.2
7.58,4.064,0.8,0,0,43.3142857143
7.6,4.08,0.8,0,0,43.4285714286
7.62,4.096,0.8,0,0,43.5428571429
7.64,4.112,0.8,0,0,43.6571428571
7.66,4.128,0.8,0,0,43.7714285714
7.68,4.144,0.8,0,0,43.8857142857
7.7,4.16,0.8,0,0,44
7.72,4.176,0.8,0,0,44.1142857143
7.74,4.192,0.8,0,0,44.2285714286
7.76,4.208,0.8,0,0,44.3428571429
7.78,4.224,0.8,0,0,44.4571428571
7.8,4.24,0.8,0,0,44.5714285714
7.82,4.256,0.8,0,0,44.6857142857
7.84,4.272,0.8,0,0,44.8
7.86,4.288,0.8,0,0,44.9142857143
7.88,4.304,0.8,0,0,45.0285714286
7.9,4.32,0.8,0,0,45.1428571429
7.92,4.336,0.8,0,0,45.2571428571
7.94,4.352,0.8,0,0,45.3714285714
7.96,4.368,0.8,0,0,45.4857142857
7.98,4.384,0.8,0,0,45.6
8,4.4,0.8,0,0,45.7142857143
8.02,4.416,0.8,0,0,45.8285714286
8.04,4.432,0.8,0,0,45.9428571429
8.06,4.448,0.8,0,0,46.0571428571
8.08,4.464,0.8,0,0,46.1714285714
8.1,4.48,0.8,0,0,46.2857142857
8.12,4.496,0.8,0,0,46.4
8.14,4.512,0.8,0,0,46.5142857143
8.16,4.528,0.8,0,0,46.6285714286
8.18,4.544,0.8,0,0,46.7428571429
8.2,4.56,0.8,0,0,46.8571428571
8.22,4.576,0.8,0,0,46.9714285714
8.24,4.592,0.8,0,0,47.0857142857
8.26,4.608,0.8,0,0,47.2
8.28,4.624,0.8,0,0,47.3142857143
8.3,4.64,0.8,0,0,47.4285714286
8.32,4.656,0.8,0,0,47.5428571429
8.34,4.672,0.8,0,0,47.6571428571
8.36,4.688,0.8,0,0,47.7714285714
8.38,4.704,0.8,0,0,47.8857142857
8.4,4.72,0.8,0,0,48
8.42,4.736,0.8,0,0,48.1142857143
8.44,4.752,0.8,0,0,48.2285714286
8.46,4.768,0.8,0,0,48.3428571429
8.48,4.784,0.8,0,0,48.4571428571
8.5,4.8,0.8,0,0,48.5714285714
8.52,4.816,0.8,0,0,48.6857142857
8.54,4.832,0.8,0,0,48.8
8.56,4.848,0.8,0,0,48.9142857143
8.58,4.864,0.8,0,0,49.0285714286
8.6,4.88,0.8,0,0,49.1428571429
8.62,4.896,0.8,0,0,49.2571428571
8.64,4.912,0.8,0,0,49.3714285714
8.66,4.928,0.8,0,0,49.4857142857
8.68,4.944,0.8,0,0,49.6
8.7,4.96,0.8,0,0,49.7142857143
8.72,4.976,0.8,0,0,49.8285714286
8.74,4.992,0.8,0,0,49.9428571429
8.76,5.008,0.8,0,0,50.0571428571
8.78,5.024,0.8,0,0,50.1714285714
8.8,5.04,0.8,0,0,50.2857142857
8.82,5.056,0.8,0,0,50.4
8.84,5.072,0.8,0,0,50.5142857143
8.86,5.088,0.8,0,0,50.6285714286
8.88,5.104,0.8,0,0,50.7428571429
8.9,5.12,0.8,0,0,50.8571428571
8.92,5.136,0.8,0,0,50.9714285714
8.94,5.152,0.8,0,0,51.0857142857
8.96,5.168,0.8,0,0,51.2
8.98,5.184,0.8,0,0,51.3142857143
9,5.2,0.8,0,0,51.4285714286
9.02,5.216,0.8,0,0,51.5428571429
9.04,5.232,0.8,0,0,51.6571428571
9.06,5.248,0.8,0,0,51.7714285714
9.08,5.264,0.8,0,0,51.8857142857
9.1,5.28,0.8,0,0,52
9.12,5.296,0.8,0,0,52.1142857143
9.14,5.312,0.8,0,0,52.2285714286
9.16,5.328,0.8,0,0,52.3428571429
9.18,5.344,0.8,0,0,52.4571428571
9.2,5.36,0.8,0,0,52.5714285714
9.22,5.376,0.8,0,0,52.6857142857
9.24,5.392,0.8,0,0,52.8
9.26,5.408,0.8,0,0,52.9142857143
9.28,5.424,0.8,0,0,53.0285714286
9.3,5.44,0.8,0,0,53.1428571429
9.32,5.456,0.8,0,0,53.2571428571
9.34,5.472,0.8,0,0,53.3714285714
9.36,5.488,0.8,0,0,53.4857142857
9.38,5.504,0.8,0,0,53.6
9.4,5.52,0.8,0,0,53.7142857143
9.42,5.536,0.8,0,0,53.8285714286
9.44,5.552,0.8,0,0,53.9428571429
9.46,5.568,0.8,0,0,54.0571428571
9.48,5.584,0.8,0,0,54.1714285714
9.5,5.6,0.8,0,0,54.2857142857
9.52,5.616,0.8,0,0,54.4
9.54,5.632,0.8,0,0,54.5142857143
9.56,5.648,0.8,0,0,54.6285714286
9.58,5.664,0.8,0,0,54.7428571429
9.6,5.68,0.8,0,0,54.8571428571
9.62,5.696,0.8,0,0,54.9714285714
9.64,5.712,0.8,0,0,55.0857142857
9.66,5.728,0.8,0,0,55.2
9.68,5.744,0.8,0,0,55.3142857143
9.7,5.76,0.8,0,0,55.4285714286
9.72,5.776,0.8,0,0,55.5428571429
9.74,5.792,0.8,0,0,55.6571428571
9.76,5.808,0.8,0,0,55.7714285714
9.78,5.824,0.8,0,0,55.8857142857
9.8,5.84,0.8,0,0,56
9.82,5.856,0.8,0,0,56.1142857143
9.84,5.872,0.8,0,0,56.2285714286
9.86,5.888,0.8,0,0,56.3428571429
9.88,5.904,0.8,0,0,56.4571428571
9.9,5.92,0.8,0,0,56.5714285714
9.92,5.936,0.8,0,0,56.6857142857
9.94,5.952,0.8,0,0,56.8
9.96,5.968,0.8,0,0,56.9142857143
9.98,5.984,0.8,0,0,57.0285714286
10,6,0.8,0,0,57.1428571429
10.02,6.016,0.8,0,0,57.2571428571
10.04,6.032,0.8,0,0,57.3714285714
10.06,6.048,0.8,0,0,57.4857142857
10.08,6.064,0.8,0,0,57.6
10.1,6.08,0.8,0,0,57.7142857143
10.12,6.096,0.8,0,0,57.8285714286
10.14,6.112,0.8,0,0,57.9428571429
10.16,6.128,0.8,0,0,58.0571428571
10.18,6.144,0.8,0,0,58.1714285714
10.2,6.16,0.8,0,0,58.2857142857
10.22,6.176,0.8,0,0,58.4
10.24,6.192,0.8,0,0,58.5142857143
10.26,6.208,0.8,0,0,58.6285714286
10.28,6.224,0.8,0,0,58.7428571429
10.3,6.24,0.8,0,0,58.8571428571
10.32,6.256,0.8,0,0,58.9714285714
10.34,6.272,0.8,0,0,59.0857142857
10.36,6.288,0.8,0,0,59.2
10.38,6.304,0.8,0,0,59.3142857143
10.4,6.32,0.8,0,0,59.4285714286
10.42,6.336,0.8,0,0,59.5428571429
10.44,6.352,0.8,0,0,59.6571428571
10.46,6.368,0.8,0,0,59.7714285714
10.48,6.384,0.8,0,0,59.8857142857
10.5,6.4,0.8,0,0,60
10.52,6.416,0.8,0,0,60.1142857143
10.54,6.432,0.8,0,0,60.2285714286
10.56,6.448,0.8,0,0,60.3428571429
10.58,6.464,0.8,0,0,60.4571428571
10.6,6.48,0.8,0,0,60.5714285714
10.62,6.496,0.8,0,0,60.6857142857
10.64,6.512,0.8,0,0,60.8
10.66,6.528,0.8,0,0,60.9142857143
10.68,6.544,0.8,0,0,61.0285714286
10.7,6.56,0.8,0,0,61.1428571429
10.72,6.576,0.8,0,0,61.2571428571
10.74,6.592,0.8,0,0,61.3714285714
10.76,6.608,0.8,0,0,61.4857142857
10.78,6.624,0.8,0,0,61.6
10.8,6.64,0.8,0,0,61.7142857143
10.82,6.656,0.8,0,0,61.8285714286
10.84,6.672,0.8,0,0,61.9428571429
10.86,6.688,0.8,0,0,62.0571428571
10.88,6.704,0.8,0,0,62.1714285714
10.9,6.72,0.8,0,0,62.2857142857
10.92,6.736,0.8,0,0,62.4
10.94,6.752,0.8,0,0,62.5142857143
10.96,6.768,0.8,0,0,62.6285714286
10.98,6.784,0.8,0,0,62.7428571429
11,6.8,0.8,0,0,62.8571428571
11.02,6.816,0.8,0,0,62.9714285714
11.04,6.832,0.8,0,0,63.0857142857
11.06,6.848,0.8,0,0,63.2
11.08,6.864,0.8,0,0,63.3142857143
11.1,6.88,0.8,0,0,63.4285714286
11.12,6.896,0.8,0,0,63.5428571429
11.14,6.912,0.8,0,0,63.6571428571
11.16,6.928,0.8,0,0,63.7714285714
11.18,6.944,0.8,0,0,63.8857142857
11.2,6.96,0.8,0,0,64
11.22,6.976,0.8,0,0,64.1142857143
11.24,6.992,0.8,0,0,64.2285714286
11.26,7.008,0.8,0,0,64.3428571429
11.28,7.024,0.8,0,0,64.4571428571
11.3,7.04,0.8,0,0,64.5714285714
11.32,7.056,0.8,0,0,64.6857142857
11.34,7.072,0.8,0,0,64.8
11.36,7.088,0.8,0,0,64.9142857143
11.38,7.104,0.8,0,0,65.0285714286
11.4,7.12,0.8,0,0,65.1428571429
11.42,7.136,0.8,0,0,65.2571428571
11.44,7.152,0.8,0,0,65.3714285714
11.46,7.168,0.8,0,0,65.4857142857
11.48,7.184,0.8,0,0,65.6
11.5,7.2,0.8,0,0,65.7142857143
11.52,7.216,0.8,0,0,65.8285714286
11.54,7.232,0.8,0,0,65.9428571429
11.56,7.248,0.8,0,0,66.0571428571
11.58,7.264,0.8,0,0,66.1714285714
11.6,7.28,0.8,0,0,66.2857142857
11.62,7.296,0.8,0,0,66.4
11.64,7.312,0.8,0,0,66.5142857143
11.66,7.328,0.8,0,0,66.6285714286
11.68,7.344,0.8,0,0,66.7428571429
11.7,7.36,0.8,0,0,66.8571428571
11.72,7.376,0.8,0,0,66.9714285714
11.74,7.392,0.8,0,0,67.0857142857
11.76,7.408,0.8,0,0,67.2
11.78,7.424,0.8,0,0,67.3142857143
11.8,7.44,0.8,0,0,67.4285714286
11.82,7.456,0.8,0,0,67.5428571429
11.84,7.472,0.8,0,0,67.6571428571
11.86,7.488,0.8,0,0,67.7714285714
11.88,7.504,0.8,0,0,67.8857142857
11.9,7.52,0.8,0,0,68
11.92,7.536,0.8,0,0,68.1142857143
11.94,7.552,0.8,0,0,68.2285714286
11.96,7.568,0.8,0,0,68.3428571429
11.98,7.584,0.8,0,0,68.4571428571
12,7.6,0.8,0,0,68.5714285714
12.02,7.616,0.8,0,0,68.6857142857
12.04,7.632,0.8,0,0,68.8
12.06,7.648,0.8,0,0,68.9142857143
12.08,7.664,0.8,0,0,69.0285714286
12.1,7.68,0.8,0,0,69.1428571429
12.12,7.696,0.8,0,0,69.2571428571
12.14,7.712,0.8,0,0,69.3714285714
12.16,7.728,0.8,0,0,69.4857142857
12.18,7.744,0.8,0,0,69.6
12.2,7.76,0.8,0,0,69.7142857143
12.22,7.776,0.8,0,0,69.8285714286
12.24,7.792,0.8,0,0,69.9428571429
12.26,7.808,0.8,0,0,70.0571428571
12.28,7.824,0.8,0,0,70.1714285714
12.3,7.84,0.8,0,0,70.2857142857
12.32,7.856,0.8,0,0,70.4
12.34,7.872,0.8,0,0,70.5142857143
12.36,7.888,0.8,0,0,70.6285714286
12.38,7.904,0.8,0,0,70.7428571429
12.4,7.92,0.8,0,0,70.8571428571
12.42,7.936,0.8,0,0,70.9714285714
12.44,7.952,0.8,0,0,71.0857142857
12.46,7.968,0.8,0,0,71.2
12.48,7.984,0.8,0,0,71.3142857143
12.5,8,0.8,0,0,71.4285714286
12.52,8.015968,0.7968,-0.16,0,71.5428571429
12.54,8.031872,0.7936,-0.16,0,71.6571428571
12.56,8.047712,0.7904,-0.16,0,71.7714285714
12.58,8.063488,0.7872,-0.16,0,71.8857142857
12.6,8.0792,0.784,-0.16,0,72
12.62,8.094848,0.7808,-0.16,0,72.1142857143
12.64,8.110432,0.7776,-0.16,0,72.2285714286
12.66,8.125952,0.7744,-0.16,0,72.3428571429
12.68,8.141408,0.7712,-0.16,0,72.4571428571
12.7,8.1568,0.768,-0.16,0,72.5714285714
12.72,8.172128,0.7648,-0.16,0,72.6857142857
12.74,8.187392,0.7616,-0.16,0,72.8
12.76,8.202592,0.7584,-0.16,0,72.9142857143
12.78,8.217728,0.7552,-0.16,0,73.0285714286
12.8,8.2328,0.752,-0.16,0,73.1428571429
12.82,8.247808,0.7488,-0.16,0,73.2571428571
12.84,8.262752,0.7456,-0.16,0,73.3714285714
12.86,8.277632,0.7424,-0.16,0,73.4857142857
12.88,8.292448,0.7392,-0.16,0,73.6
12.9,8.3072,0.736,-0.16,0,73.7142857143
12.92,8.321888,0.7328,-0.16,0,73.8285714286
12.94,8.336512,0.7296,-0.16,0,73.9428571429
12.96,8.351072,0.7264,-0.16,0,74.0571428571
12.98,8.365568,0.7232,-0.16,0,74.1714285714
13,8.38,0.72,-0.16,0,74.2857142857
13.02,8.394368,0.7168,-0.16,0,74.4
13.04,8.408672,0.7136,-0.16,0,74.5142857143
13.06,8.422912,0.7104,-0.16,0,74.6285714286
13.08,8.437088,0.7072,-0.16,0,74.7428571429
13.1,8.4512,0.704,-0.16,0,74.8571428571
13.12,8.465248,0.7008,-0.16,0,74.9714285714
13.14,8.479232,0.6976,-0.16,0,75.0857142857
13.16,8.493152,0.6944,-0.16,0,75.2
13.18,8.507008,0.6912,-0.16,0,75.3142857143
13.2,8.5208,0.688,-0.16,0,75.4285714286
13.22,8.534528,0.6848,-0.16,0,75.5428571429
13.24,8.548192,0.6816,-0.16,0,75.6571428571
13.26,8.561792,0.6784,-0.16,0,75.7714285714
13.28,8.575328,0.6752,-0.16,0,75.8857142857
13.3,8.5888,0.672,-0.16,0,76
13.32,8.602208,0.6688,-0.16,0,76.1142857143
13.34,8.615552,0.6656,-0.16,0,76.2285714286
13.36,8.628832,0.6624,-0.16,0,76.3428571429
13.38,8.642048,0.6592,-0.16,0,76.4571428571
13.4,8.6552,0.656,-0.16,0,76.5714285714
13.42,8.668288,0.6528,-0.16,0,76.6857142857
13.44,8.681312,0.6496,-0.16,0,76.8
13.46,8.694272,0.6464,-0.16,0,76.9142857143
13.48,8.707168,0.6432,-0.16,0,77.0285714286
13.5,8.72,0.64,-0.16,0,77.1428571429
13.52,8.732768,0.6368,-0.16,0,77.2571428571
13.54,8.745472,0.6336,-0.16,0,77.3714285714
13.56,8.758112,0.6304,-0.16,0,77.4857142857
13.58,8.770688,0.6272,-0.16,0,77.6
13.6,8.7832,0.624,-0.16,0,77.7142857143
13.62,8.795648,0.6208,-0.16,0,77.8285714286
13.64,8.808032,0.6176,-0.16,0,77.9428571429
13.66,8.820352,0.6144,-0.16,0,78.0571428571
13.68,8.832608,0.6112,-0.16,0,78.1714285714
13.7,8.8448,0.608,-0.16,0,78.2857142857
13.72,8.856928,0.6048,-0.16,0,78.4
13.74,8.868992,0.6016,-0.16,0,78.5142857143
13.76,8.880992,0.5984,-0.16,0,78.6285714286
13.78,8.892928,0.5952,-0.16,0,78.7428571429
13.8,8.9048,0.592,-0.16,0,78.8571428571
13.82,8.916608,0.5888,-0.16,0,78.9714285714
13.84,8.928352,0.5856,-0.16,0,79.0857142857
13.86,8.940032,0.5824,-0.16,0,79.2
13.88,8.951648,0.5792,-0.16,0,79.3142857143
13.9,8.9632,0.576,-0.16,0,79.4285714286
13.92,8.974688,0.5728,-0.16,0,79.5428571429
13.94,8.986112,0.5696,-0.16,0,79.6571428571
13.96,8.997472,0.5664,-0.16,0,79.7714285714
13.98,9.008768,0.5632,-0.16,0,79.8857142857
14,9.02,0.56,-0.16,0,80
14.02,9.031168,0.5568,-0.16,0,80.1142857143
14.04,9.042272,0.5536,-0.16,0,80.2285714286
14.06,9.053312,0.5504,-0.16,0,80.3428571429
14.08,9.064288,0.5472,-0.16,0,80.4571428571
14.1,9.0752,0.544,-0.16,0,80.5714285714
14.12,9.086048,0.5408,-0.16,0,80.6857142857
14.14,9.096832,0.5376,-0.16,0,80.8
14.16,9.107552,0.5344,-0.16,0,80.9142857143
14.18,9.118208,0.5312,-0.16,0,81.0285714286
14.2,9.1288,0.528,-0.16,0,81.1428571429
14.22,9.139328,0.5248,-0.16,0,81.2571428571
14.24,9.149792,0.5216,-0.16,0,81.3714285714
14.26,9.160192,0.5184,-0.16,0,81.4857142857
14.28,9.170528,0.5152,-0.16,0,81.6
14.3,9.1808,0.512,-0.16,0,81.7142857143
14.32,9.191008,0.5088,-0.16,0,81.8285714286
14.34,9.201152,0.5056,-0.16,0,81.9428571429
14.36,9.211232,0.5024,-0.16,0,82.0571428571
14.38,9.221248,0.4992,-0.16,0,82.1714285714
14.4,9.2312,0.496,-0.16,0,82.2857142857
14.42,9.241088,0.4928,-0.16,0,82.4
14.44,9.250912,0.4896,-0.16,0,82.5142857143
14.46,9.260672,0.4864,-0.16,0,82.6285714286
14.48,9.270368,0.4832,-0.16,0,82.7428571429
14.5,9.28,0.48,-0.16,0,82.8571428571
14.52,9.289568,0.4768,-0.16,0,82.9714285714
14.54,9.299072,0.4736,-0.16,0,83.0857142857
14.56,9.308512,0.4704,-0.16,0,83.2
14.58,9.317888,0.4672,-0.16,0,83.3142857143
14.6,9.3272,0.464,-0.16,0,83.4285714286
14.62,9.336448,0.4608,-0.16,0,83.5428571429
14.64,9.345632,0.4576,-0.16,0,83.6571428571
14.66,9.354752,0.4544,-0.16,0,83.7714285714
14.68,9.363808,0.4512,-0.16,0,83.8857142857
14.7,9.3728,0.448,-0.16,0,84
14.72,9.381728,0.4448,-0.16,0,84.1142857143
14.74,9.390592,0.4416,-0.16,0,84.2285714286
14.76,9.399392,0.4384,-0.16,0,84.3428571429
14.78,9.408128,0.4352,-0.16,0,84.4571428571
14.8,9.4168,0.432,-0.16,0,84.5714285714
14.82,9.425408,0.4288,-0.16,0,84.6857142857
14.84,9.433952,0.4256,-0.16,0,84.8
14.86,9.442432,0.4224,-0.16,0,84.9142857143
14.88,9.450848,0.4192,-0.16,0,85.0285714286
14.9,9.4592,0.416,-0.16,0,85.1428571429
14.92,9.467488,0.4128,-0.16,0,85.2571428571
14.94,9.475712,0.4096,-0.16,0,85.3714285714
14.96,9.483872,0.4064,-0.16,0,85.4857142857
14.98,9.491968,0.4032,-0.16,0,85.6
15,9.5,0.4,-0.16,0,85.7142857143
15.02,9.507968,0.3968,-0.16,0,85.8285714286
15.04,9.515872,0.3936,-0.16,0,85.9428571429
15.06,9.523712,0.3904,-0.16,0,86.0571428571
15.08,9.531488,0.3872,-0.16,0,86.1714285714
15.1,9.5392,0.384,-0.16,0,86.2857142857
15.12,9.546848,0.3808,-0.16,0,86.4
15.14,9.554432,0.3776,-0.16,0,86.5142857143
15.16,9.561952,0.3744,-0.16,0,86.6285714286
15.18,9.569408,0.3712,-0.16,0,86.7428571429
15.2,9.5768,0.368,-0.16,0,86.8571428571
15.22,9.584128,0.3648,-0.16,0,86.9714285714
15.24,9.591392,0.3616,-0.16,0,87.0857142857
15.26,9.598592,0.3584,-0.16,0,87.2
15.28,9.605728,0.3552,-0.16,0,87.3142857143
15.3,9.6128,0.352,-0.16,0,87.4285714286
15.32,9.619808,0.3488,-0.16,0,87.5428571429
15.34,9.626752,0.3456,-0.16,0,87.6571428571
15.36,9.633632,0.3424,-0.16,0,87.7714285714
15.38,9.640448,0.3392,-0.16,0,87.8857142857
15.4,9.6472,0.336,-0.16,0,88
15.42,9.653888,0.3328,-0.16,0,88.1142857143
15.44,9.660512,0.3296,-0.16,0,88.2285714286
15.46,9.667072,0.3264,-0.16,0,88.3428571429
15.48,9.673568,0.3232,-0.16,0,88.4571428571
15.5,9.68,0.32,-0.16,0,88.5714285714
15.52,9.686368,0.3168,-0.16,0,88.6857142857
15.54,9.692672,0.3136,-0.16,0,88.8
15.56,9.698912,0.3104,-0.16,0,88.9142857143
15.58,9.705088,0.3072,-0.16,0,89.0285714286
15.6,9.7112,0.304,-0.16,0,89.1428571429
15.62,9.717248,0.3008,-0.16,0,89.2571428571
15.64,9.723232,0.2976,-0.16,0,89.3714285714
15.66,9.729152,0.2944,-0.16,0,89.4857142857
15.68,9.735008,0.2912,-0.16,0,89.6
15.7,9.7408,0.288,-0.16,0,89.7142857143
15.72,9.746528,0.2848,-0.16,0,89.8285714286
15.74,9.752192,0.2816,-0.16,0,89.9428571429
15.76,9.757792,0.2784,-0.16,0,90.0571428571
15.78,9.763328,0.2752,-0.16,0,90.1714285714
15.8,9.7688,0.272,-0.16,0,90.2857142857
15.82,9.774208,0.2688,-0.16,0,90.4
15.84,9.779552,0.2656,-0.16,0,90.5142857143
15.86,9.784832,0.2624,-0.16,0,90.6285714286
15.88,9.790048,0.2592,-0.16,0,90.7428571429
15.9,9.7952,0.256,-0.16,0,90.8571428571
15.92,9.800288,0.2528,-0.16,0,90.9714285714
15.94,9.805312,0.2496,-0.16,0,91.0857142857
15.96,9.810272,0.2464,-0.16,0,91.2
15.98,9.815168,0.2432,-0.16,0,91.3142857143
16,9.82,0.24,-0.16,0,91.4285714286
16.02,9.824768,0.2368,-0.16,0,91.5428571429
16.04,9.829472,0.2336,-0.16,0,91.6571428571
16.06,9.834112,0.2304,-0.16,0,91.7714285714
16.08,9.838688,0.2272,-0.16,0,91.8857142857
16.1,9.8432,0.224,-0.16,0,92
16.12,9.847648,0.2208,-0.16,0,92.1142857143
16.14,9.852032,0.2176,-0.16,0,92.2285714286
16.16,9.856352,0.2144,-0.16,0,92.3428571429
16.18,9.860608,0.2112,-0.16,0,92.4571428571
16.2,9.8648,0.208,-0.16,0,92.5714285714
16.22,9.868928,0.2048,-0.16,0,92.6857142857
16.24,9.872992,0.2016,-0.16,0,92.8
16.26,9.876992,0.1984,-0.16,0,92.9142857143
16.28,9.880928,0.1952,-0.16,0,93.0285714286
16.3,9.8848,0.192,-0.16,0,93.1428571429
16.32,9.888608,0.1888,-0.16,0,93.2571428571
16.34,9.892352,0.1856,-0.16,0,93.3714285714
16.36,9.896032,0.1824,-0.16,0,93.4857142857
16.38,9.899648,0.1792,-0.16,0,93.6
16.4,9.9032,0.176,-0.16,0,93.7142857143
16.42,9.906688,0.1728,-0.16,0,93.8285714286
16.44,9.910112,0.1696,-0.16,0,93.9428571429
16.46,9.913472,0.1664,-0.16,0,94.0571428571
16.48,9.916768,0.1632,-0.16,0,94.1714285714
16.5,9.92,0.16,-0.16,0,94.2857142857
16.52,9.923168,0.1568,-0.16,0,94.4
16.54,9.926272,0.1536,-0.16,0,94.5142857143
16.56,9.929312,0.1504,-0.16,0,94.6285714286
16.58,9.932288,0.1472,-0.16,0,94.7428571429
16.6,9.9352,0.144,-0.16,0,94.8571428571
16.62,9.938048,0.1408,-0.16,0,94.9714285714
16.64,9.940832,0.1376,-0.16,0,95.0857142857
16.66,9.943552,0.1344,-0.16,0,95.2
16.68,9.946208,0.1312,-0.16,0,95.3142857143
16.7,9.9488,0.128,-0.16,0,95.4285714286
16.72,9.951328,0.1248,-0.16,0,95.5428571429
16.74,9.953792,0.1216,-0.16,0,95.6571428571
16.76,9.956192,0.1184,-0.16,0,95.7714285714
16.78,9.958528,0.1152,-0.16,0,95.8857142857
16.8,9.9608,0.112,-0.16,0,96
16.82,9.963008,0.1088,-0.16,0,96.1142857143
16.84,9.965152,0.1056,-0.16,0,96.2285714286
16.86,9.967232,0.1024,-0.16,0,96.3428571429
16.88,9.969248,0.0992,-0.16,0,96.4571428571
16.9,9.9712,0.096,-0.16,0,96.5714285714
16.92,9.973088,0.0928,-0.16,0,96.6857142857
16.94,9.974912,0.0896,-0.16,0,96.8
16.96,9.976672,0.0864,-0.16,0,96.9142857143
16.98,9.978368,0.0832,-0.16,0,97.0285714286
17,9.98,0.08,-0.16,0,97.1428571429
17.02,9.981568,0.0768,-0.16,0,97.2571428571
17.04,9.983072,0.0736,-0.16,0,97.3714285714
17.06,9.984512,0.0704,-0.16,0,97.4857142857
17.08,9.985888,0.0672,-0.16,0,97.6
17.1,9.9872,0.064,-0.16,0,97.7142857143
17.12,9.988448,0.0608,-0.16,0,97.8285714286
17.14,9.989632,0.0576,-0.16,0,97.9428571429
17.16,9.990752,0.0544,-0.16,0,98.0571428571
17.18,9.991808,0.0512,-0.16,0,98.1714285714
17.2,9.9928,0.048,-0.16,0,98.2857142857
17.22,9.993728,0.0448,-0.16,0,98.4
17.24,9.994592,0.0416,-0.16,0,98.5142857143
17.26,9.995392,0.0384,-0.16,0,98.6285714286
17.28,9.996128,0.0352,-0.16,0,98.7428571429
17.3,9.9968,0.032,-0.16,0,98.8571428571
17.32,9.997408,0.0288,-0.16,0,98.9714285714
17.34,9.997952,0.0256,-0.16,0,99.0857142857
17.36,9.998432,0.0224,-0.16,0,99.2
17.38,9.998848,0.0192,-0.16,0,99.3142857143
17.4,9.9992,0.016,-0.16,0,99.4285714286
17.42,9.999488,0.0128,-0.16,0,99.5428571429
17.44,9.999712,0.0096,-0.16,0,99.6571428571
17.46,9.999872,0.0064,-0.16,0,99.7714285714
17.48,9.999968,0.0032,-0.16,0,99.8857142857
17.5,10,0,0,0,100
